"0","1"
"0000001","0007336711"
"0000002","0007336709"
"0000003","0007336708"
"0000004","0007336707"
"0000005","0007336706"
"0000006","0007336705"
"0000007","0007336705"
"0000008","0007336701"
"0000009","0007336700"
"0000010","0007336696"
"0000011","0007336695"
"0000012","0007336694"
"0000013","0007336693"
"0000014","0007336692"
"0000015","0007336691"
"0000016","0007336690"
"0000017","0007336689"
"0000018","0007336688"
"0000019","0007336687"
"0000020","0007336686"
"0000021","0007336685"
"0000022","0007336684"
"0000023","0007336683"
"0000024","0007336683"
"0000025","0007336683"
"0000026","0007336683"
"0000027","0007336683"
"0000028","0007336683"
"0000029","0007336683"
"0000030","0007336683"
"0000031","0007336674"
"0000032","0007336672"
"0000033","0007336669"
"0000034","0007336667"
"0000035","0007336666"
"0000036","0007336665"
"0000037","0007336664"
"0000038","0007336663"
"0000039","0007336662"
"0000040","0007336661"
"0000041","0007336660"
"0000042","0007336659"
"0000043","0007336657"
"0000044","0007336655"
"0000045","0007336654"
"0000046","0007336653"
"0000047","0007336652"
"0000048","0007336651"
"0000049","0007336651"
"0000050","0007336651"